epoch,train_loss,train_edge_loss,train_read_loss,val_loss,val_precision,val_recall,val_edge_f1,val_read_loss,val_read_f1,val_srr
1,0.018484125289593496,0.018484125289593496,0.0,0.014060722484898109,0.9696403059466063,1.0,0.9840226166272436,0.0,0.0,0.5769230769230769
2,0.013156871603260858,0.013156871603260858,0.0,0.012391095631755888,0.9696403059466063,1.0,0.9840226166272436,0.0,0.0,0.5769230769230769
3,0.0093430403832536,0.0093430403832536,0.0,0.013463862588720916,0.9696403059466063,1.0,0.9840226166272436,0.0,0.0,0.6153846153846154
