epoch,train_loss,train_edge_loss,train_read_loss,val_loss,val_precision,val_recall,val_edge_f1,val_read_loss,val_read_f1,val_srr
1,0.32648418630872456,0.01867225844199777,1.0260397150736897,0.014405636636253733,0.9696403059466063,1.0,0.9840226166272436,0.5465032412455633,0.7837837837837838,0.5769230769230769
2,0.25074419554542093,0.01316899705449307,0.7919172955160382,0.012728466581812916,0.9696403059466063,1.0,0.9840226166272436,0.398498351757343,0.7492063492063492,0.5769230769230769
3,0.17587658374750315,0.008976752217883487,0.5563327502302763,0.013978268859388594,0.9725787274622475,0.9950313245238261,0.9832052552906348,0.31222574240886247,0.7468354430379746,0.6153846153846154
