epoch,train_loss,train_edge_loss,train_read_loss,val_loss,val_precision,val_recall,val_edge_f1,val_read_loss,val_read_f1,val_srr
1,0.019329521147426403,0.00875863068343797,0.035236300085233555,0.008067016289471884,0.9781424031792737,0.9921674656864232,0.9847519603078247,0.003721994648015755,0.9963878855237567,0.8351893095768375
2,0.0078103575179153195,0.0067348650985413535,0.0035849745978419586,0.006521921428616133,0.9837645990115184,0.9929570042013689,0.9881203809289072,0.00273155386751919,0.9983296213808464,0.8396436525612472
3,0.00679751361926437,0.0060676797407686325,0.00243277949965555,0.006575002642498141,0.9788970142122636,0.9945033217271637,0.9862411910230374,0.002789088511280168,0.9983296213808464,0.8507795100222717
