epoch,train_loss,train_edge_loss,train_read_loss,val_loss,val_precision,val_recall,val_edge_f1,val_read_loss,val_read_f1,val_srr
1,0.008638960725860975,0.008638960725860975,0.0,0.007046978617660203,0.9783207550871066,0.9935891598680573,0.9855830581893198,0.0,0.0,0.8351893095768375
2,0.006766752124111554,0.006766752124111554,0.0,0.006682475451941349,0.9798065768665085,0.9937191824535658,0.9864099406007679,0.0,0.0,0.8374164810690423
3,0.006014742849502325,0.006014742849502325,0.0,0.00638661988709534,0.9831006767721011,0.9928035812596802,0.987709320610434,0.0,0.0,0.8463251670378619
