loss,precision,recall,edge_f1,model,contamination_rate
0.006027412219503497,0.986434734935752,0.9939227431288915,0.9898206372606038,Read-weighted MPNN,0.4
0.005976789090107412,0.9838458201854139,0.9964903262522139,0.9897655494593675,Read-weighted MPNN+ReadAux,0.4
